Workbook

Sheet Trades
A1: Date | B1: Session | C1: Market | D1: Ticker | E1: Setup | F1: Direction | G1: Entry Price | H1: Exit Price | I1: Contracts | J1: Stop Loss | K1: Target | L1: Risk ($) | M1: P/L ($) | N1: P/L (R) | O1: Win/Loss | P1: Grade | Q1: Rule Followed | R1: Emotion Before | S1: Emotion After | T1: A+ Setup? | U1: Mistake Type | V1: Screenshot Link | W1: Tags | X1: What I Saw | Y1: Why I Took It | Z1: What I Did Well | AA1: What To Improve | AB1: Notes
L2: =IF(OR(G2="",J2="",I2=""),"",ABS(G2-J2)*I2) | M2: =IF(OR(G2="",H2="",I2="",F2=""),"",IF(F2="Long",(H2-G2)*I2,(G2-H2)*I2)) | N2: =IF(OR(M2="",L2="",L2=0),"",M2/L2) | O2: =IF(M2="","",IF(M2>0,"Win",IF(M2<0,"Loss","Scratch")))
L3: =IF(OR(G3="",J3="",I3=""),"",ABS(G3-J3)*I3) | M3: =IF(OR(G3="",H3="",I3="",F3=""),"",IF(F3="Long",(H3-G3)*I3,(G3-H3)*I3)) | N3: =IF(OR(M3="",L3="",L3=0),"",M3/L3) | O3: =IF(M3="","",IF(M3>0,"Win",IF(M3<0,"Loss","Scratch")))
L4: =IF(OR(G4="",J4="",I4=""),"",ABS(G4-J4)*I4) | M4: =IF(OR(G4="",H4="",I4="",F4=""),"",IF(F4="Long",(H4-G4)*I4,(G4-H4)*I4)) | N4: =IF(OR(M4="",L4="",L4=0),"",M4/L4) | O4: =IF(M4="","",IF(M4>0,"Win",IF(M4<0,"Loss","Scratch")))
L5: =IF(OR(G5="",J5="",I5=""),"",ABS(G5-J5)*I5) | M5: =IF(OR(G5="",H5="",I5="",F5=""),"",IF(F5="Long",(H5-G5)*I5,(G5-H5)*I5)) | N5: =IF(OR(M5="",L5="",L5=0),"",M5/L5) | O5: =IF(M5="","",IF(M5>0,"Win",IF(M5<0,"Loss","Scratch")))
L6: =IF(OR(G6="",J6="",I6=""),"",ABS(G6-J6)*I6) | M6: =IF(OR(G6="",H6="",I6="",F6=""),"",IF(F6="Long",(H6-G6)*I6,(G6-H6)*I6)) | N6: =IF(OR(M6="",L6="",L6=0),"",M6/L6) | O6: =IF(M6="","",IF(M6>0,"Win",IF(M6<0,"Loss","Scratch")))
L7: =IF(OR(G7="",J7="",I7=""),"",ABS(G7-J7)*I7) | M7: =IF(OR(G7="",H7="",I7="",F7=""),"",IF(F7="Long",(H7-G7)*I7,(G7-H7)*I7)) | N7: =IF(OR(M7="",L7="",L7=0),"",M7/L7) | O7: =IF(M7="","",IF(M7>0,"Win",IF(M7<0,"Loss","Scratch")))
L8: =IF(OR(G8="",J8="",I8=""),"",ABS(G8-J8)*I8) | M8: =IF(OR(G8="",H8="",I8="",F8=""),"",IF(F8="Long",(H8-G8)*I8,(G8-H8)*I8)) | N8: =IF(OR(M8="",L8="",L8=0),"",M8/L8) | O8: =IF(M8="","",IF(M8>0,"Win",IF(M8<0,"Loss","Scratch")))
L9: =IF(OR(G9="",J9="",I9=""),"",ABS(G9-J9)*I9) | M9: =IF(OR(G9="",H9="",I9="",F9=""),"",IF(F9="Long",(H9-G9)*I9,(G9-H9)*I9)) | N9: =IF(OR(M9="",L9="",L9=0),"",M9/L9) | O9: =IF(M9="","",IF(M9>0,"Win",IF(M9<0,"Loss","Scratch")))
L10: =IF(OR(G10="",J10="",I10=""),"",ABS(G10-J10)*I10) | M10: =IF(OR(G10="",H10="",I10="",F10=""),"",IF(F10="Long",(H10-G10)*I10,(G10-H10)*I10)) | N10: =IF(OR(M10="",L10="",L10=0),"",M10/L10) | O10: =IF(M10="","",IF(M10>0,"Win",IF(M10<0,"Loss","Scratch")))
L11: =IF(OR(G11="",J11="",I11=""),"",ABS(G11-J11)*I11) | M11: =IF(OR(G11="",H11="",I11="",F11=""),"",IF(F11="Long",(H11-G11)*I11,(G11-H11)*I11)) | N11: =IF(OR(M11="",L11="",L11=0),"",M11/L11) | O11: =IF(M11="","",IF(M11>0,"Win",IF(M11<0,"Loss","Scratch")))
L12: =IF(OR(G12="",J12="",I12=""),"",ABS(G12-J12)*I12) | M12: =IF(OR(G12="",H12="",I12="",F12=""),"",IF(F12="Long",(H12-G12)*I12,(G12-H12)*I12)) | N12: =IF(OR(M12="",L12="",L12=0),"",M12/L12) | O12: =IF(M12="","",IF(M12>0,"Win",IF(M12<0,"Loss","Scratch")))
L13: =IF(OR(G13="",J13="",I13=""),"",ABS(G13-J13)*I13) | M13: =IF(OR(G13="",H13="",I13="",F13=""),"",IF(F13="Long",(H13-G13)*I13,(G13-H13)*I13)) | N13: =IF(OR(M13="",L13="",L13=0),"",M13/L13) | O13: =IF(M13="","",IF(M13>0,"Win",IF(M13<0,"Loss","Scratch")))
... L1001: =IF(OR(G1001="",J1001="",I1001=""),"",ABS(G1001-J1001)*I1001) | M1001: =IF(OR(G1001="",H1001="",I1001="",F1001=""),"",IF(F1001="Long",(H1001-G1001)*I1001,(G1001-H1001)*I1001)) | N1001: =IF(OR(M1001="",L1001="",L1001=0),"",M1001/L1001) | O1001: =IF(M1001="","",IF(M1001>0,"Win",IF(M1001<0,"Loss","Scratch")))

Sheet Account
A1: Date | B1: Starting Balance | C1: Daily P/L | D1: Ending Balance | E1: Trailing High | F1: Current Drawdown | G1: Drawdown % | H1: Max Allowed Drawdown | I1: Cushion Left | J1: Status | K1: Notes
D2: =IF(OR(B2="",C2=""),"",B2+C2) | E2: =IF(D2="","",MAX($D$2:D2)) | F2: =IF(OR(E2="",D2=""),"",E2-D2) | G2: =IF(OR(E2="",F2="",E2=0),"",F2/E2) | I2: =IF(OR(H2="",F2=""),"",H2-F2) | J2: =IF(I2="","",IF(I2<=0,"BREACH",IF(I2<=500,"WARNING","OK")))
D3: =IF(OR(B3="",C3=""),"",B3+C3) | E3: =IF(D3="","",MAX($D$2:D3)) | F3: =IF(OR(E3="",D3=""),"",E3-D3) | G3: =IF(OR(E3="",F3="",E3=0),"",F3/E3) | I3: =IF(OR(H3="",F3=""),"",H3-F3) | J3: =IF(I3="","",IF(I3<=0,"BREACH",IF(I3<=500,"WARNING","OK")))
D4: =IF(OR(B4="",C4=""),"",B4+C4) | E4: =IF(D4="","",MAX($D$2:D4)) | F4: =IF(OR(E4="",D4=""),"",E4-D4) | G4: =IF(OR(E4="",F4="",E4=0),"",F4/E4) | I4: =IF(OR(H4="",F4=""),"",H4-F4) | J4: =IF(I4="","",IF(I4<=0,"BREACH",IF(I4<=500,"WARNING","OK")))
D5: =IF(OR(B5="",C5=""),"",B5+C5) | E5: =IF(D5="","",MAX($D$2:D5)) | F5: =IF(OR(E5="",D5=""),"",E5-D5) | G5: =IF(OR(E5="",F5="",E5=0),"",F5/E5) | I5: =IF(OR(H5="",F5=""),"",H5-F5) | J5: =IF(I5="","",IF(I5<=0,"BREACH",IF(I5<=500,"WARNING","OK")))
D6: =IF(OR(B6="",C6=""),"",B6+C6) | E6: =IF(D6="","",MAX($D$2:D6)) | F6: =IF(OR(E6="",D6=""),"",E6-D6) | G6: =IF(OR(E6="",F6="",E6=0),"",F6/E6) | I6: =IF(OR(H6="",F6=""),"",H6-F6) | J6: =IF(I6="","",IF(I6<=0,"BREACH",IF(I6<=500,"WARNING","OK")))
D7: =IF(OR(B7="",C7=""),"",B7+C7) | E7: =IF(D7="","",MAX($D$2:D7)) | F7: =IF(OR(E7="",D7=""),"",E7-D7) | G7: =IF(OR(E7="",F7="",E7=0),"",F7/E7) | I7: =IF(OR(H7="",F7=""),"",H7-F7) | J7: =IF(I7="","",IF(I7<=0,"BREACH",IF(I7<=500,"WARNING","OK")))
D8: =IF(OR(B8="",C8=""),"",B8+C8) | E8: =IF(D8="","",MAX($D$2:D8)) | F8: =IF(OR(E8="",D8=""),"",E8-D8) | G8: =IF(OR(E8="",F8="",E8=0),"",F8/E8) | I8: =IF(OR(H8="",F8=""),"",H8-F8) | J8: =IF(I8="","",IF(I8<=0,"BREACH",IF(I8<=500,"WARNING","OK")))
D9: =IF(OR(B9="",C9=""),"",B9+C9) | E9: =IF(D9="","",MAX($D$2:D9)) | F9: =IF(OR(E9="",D9=""),"",E9-D9) | G9: =IF(OR(E9="",F9="",E9=0),"",F9/E9) | I9: =IF(OR(H9="",F9=""),"",H9-F9) | J9: =IF(I9="","",IF(I9<=0,"BREACH",IF(I9<=500,"WARNING","OK")))
D10: =IF(OR(B10="",C10=""),"",B10+C10) | E10: =IF(D10="","",MAX($D$2:D10)) | F10: =IF(OR(E10="",D10=""),"",E10-D10) | G10: =IF(OR(E10="",F10="",E10=0),"",F10/E10) | I10: =IF(OR(H10="",F10=""),"",H10-F10) | J10: =IF(I10="","",IF(I10<=0,"BREACH",IF(I10<=500,"WARNING","OK")))
D11: =IF(OR(B11="",C11=""),"",B11+C11) | E11: =IF(D11="","",MAX($D$2:D11)) | F11: =IF(OR(E11="",D11=""),"",E11-D11) | G11: =IF(OR(E11="",F11="",E11=0),"",F11/E11) | I11: =IF(OR(H11="",F11=""),"",H11-F11) | J11: =IF(I11="","",IF(I11<=0,"BREACH",IF(I11<=500,"WARNING","OK")))
D12: =IF(OR(B12="",C12=""),"",B12+C12) | E12: =IF(D12="","",MAX($D$2:D12)) | F12: =IF(OR(E12="",D12=""),"",E12-D12) | G12: =IF(OR(E12="",F12="",E12=0),"",F12/E12) | I12: =IF(OR(H12="",F12=""),"",H12-F12) | J12: =IF(I12="","",IF(I12<=0,"BREACH",IF(I12<=500,"WARNING","OK")))
D13: =IF(OR(B13="",C13=""),"",B13+C13) | E13: =IF(D13="","",MAX($D$2:D13)) | F13: =IF(OR(E13="",D13=""),"",E13-D13) | G13: =IF(OR(E13="",F13="",E13=0),"",F13/E13) | I13: =IF(OR(H13="",F13=""),"",H13-F13) | J13: =IF(I13="","",IF(I13<=0,"BREACH",IF(I13<=500,"WARNING","OK")))
... D1001: =IF(OR(B1001="",C1001=""),"",B1001+C1001) | E1001: =IF(D1001="","",MAX($D$2:D1001)) | F1001: =IF(OR(E1001="",D1001=""),"",E1001-D1001) | G1001: =IF(OR(E1001="",F1001="",E1001=0),"",F1001/E1001) | I1001: =IF(OR(H1001="",F1001=""),"",H1001-F1001) | J1001: =IF(I1001="","",IF(I1001<=0,"BREACH",IF(I1001<=500,"WARNING","OK")))

Sheet Dashboard
A1: Vanquish Trading Journal Dashboard
A3: Total Trades | B3: =COUNTA(Trades!A2:A1001) | D3: Best Trade | E3: =MAX(Trades!M2:M1001)
A4: Net P/L | B4: =SUM(Trades!M2:M1001) | D4: Worst Trade | E4: =MIN(Trades!M2:M1001)
A5: Win Rate | B5: =IFERROR(COUNTIF(Trades!O2:O1001,"Win")/COUNTIF(Trades!O2:O1001,"<>"),0) | D5: Avg R | E5: =IFERROR(AVERAGE(Trades!N2:N1001),0)
A6: Average Winner | B6: =IFERROR(AVERAGEIF(Trades!M2:M1001,">0",Trades!M2:M1001),0) | D6: Rule Follow % | E6: =IFERROR(COUNTIF(Trades!Q2:Q1001,"Yes")/COUNTIF(Trades!Q2:Q1001,"<>"),0)
A7: Average Loser | B7: =IFERROR(AVERAGEIF(Trades!M2:M1001,"<0",Trades!M2:M1001),0) | D7: A+ Setup % | E7: =IFERROR(COUNTIF(Trades!T2:T1001,"Yes")/COUNTIF(Trades!T2:T1001,"<>"),0)
A8: Expectancy / Trade | B8: =IFERROR(AVERAGE(Trades!M2:M1001),0) | D8: Current Drawdown | E8: =IFERROR(MAX(Account!F2:F1001),0)

Sheet Strategies
A1: Setup Name | B1: Market | C1: Timeframe | D1: Entry Criteria | E1: Stop Logic | F1: Target Logic | G1: Invalidation | H1: Ideal Conditions | I1: Common Mistakes | J1: Notes
A2: Opening Range Breakout | B2: NQ | C2: 1m/5m | D2: Break and hold of opening range with volume | E2: Below OR low / above OR high | F2: 2R or key level extension | G2: Back inside range | H2: Trend day, strong breadth | I2: Chasing extended candle
A3: VWAP Reclaim | B3: ES | C3: 1m/5m | D3: Reclaim VWAP after failed breakdown | E3: Below reclaim candle low | F3: Prior high / 2R | G3: Lose VWAP immediately | H3: Balanced to bullish session | I3: Taking it in chop
A4: Failed Breakdown Reversal | B4: GC | C4: 5m | D4: Sweep prior low and reclaim | E4: Below sweep low | F4: Midrange then opposite side | G4: Acceptance below low | H4: Range day, seller exhaustion | I4: Entering before reclaim
